Component,LibID,Pin,PinFunction,ExpectedConnection,ActualConnection,Status
C1,Device:C,1,~,3V3,3V3,PASS
C1,Device:C,2,~,GND,GND,PASS
C2,Device:C,1,~,3V3,3V3,PASS
C2,Device:C,2,~,GND,GND,PASS
C3,Device:C_Polarized,1,~,3V3,3V3,PASS
C3,Device:C_Polarized,2,~,GND,GND,PASS
C15,Device:C,1,~,BUCK_BST,BUCK_BST,PASS
C15,Device:C,2,~,BUCK_SW,BUCK_SW,PASS
C16,Device:C,1,~,BUCK_SS,BUCK_SS,PASS
C16,Device:C,2,~,GND,GND,PASS
C17,Device:C,1,~,BUCK_COMP_RC,BUCK_COMP_RC,PASS
C17,Device:C,2,~,GND,GND,PASS
C18,Device:C,1,~,BUCK_COMP,BUCK_COMP,PASS
C18,Device:C,2,~,GND,GND,PASS
C20,Device:C_Polarized,1,~,FAN_12V,FAN_12V,PASS
C20,Device:C_Polarized,2,~,GND,GND,PASS
C21,Device:C_Polarized,1,~,FAN_12V,FAN_12V,PASS
C21,Device:C_Polarized,2,~,GND,GND,PASS
C50,Device:C,1,~,HB_3V3_CT,HB_3V3_CT,PASS
C50,Device:C,2,~,3V3,3V3,PASS
C51,Device:C,1,~,3V3,3V3,PASS
C51,Device:C,2,~,GND,GND,PASS
C52,Device:C,1,~,HB_3V3,HB_3V3,PASS
C52,Device:C,2,~,GND,GND,PASS
C70,Device:C,1,~,RAIL_MON,RAIL_MON,PASS
C70,Device:C,2,~,GND,GND,PASS
C80,Device:C,1,~,3V3,3V3,PASS
C80,Device:C,2,~,GND,GND,PASS
C81,Device:C,1,~,HB_3V3,HB_3V3,PASS
C81,Device:C,2,~,GND,GND,PASS
C100,Device:C,1,~,3V3,3V3,PASS
C100,Device:C,2,~,GND,GND,PASS
C101,Device:C,1,~,3V3,3V3,PASS
C101,Device:C,2,~,GND,GND,PASS
C102,Device:C,1,~,3V3,3V3,PASS
C102,Device:C,2,~,GND,GND,PASS
C103,Device:C,1,~,HB_3V3,HB_3V3,PASS
C103,Device:C,2,~,GND,GND,PASS
C104,Device:C,1,~,HB_3V3,HB_3V3,PASS
C104,Device:C,2,~,GND,GND,PASS
C110,Device:C,1,~,ESP_EN,ESP_EN,PASS
C110,Device:C,2,~,GND,GND,PASS
C111,Device:C,1,~,USB_SHIELD,USB_SHIELD,PASS
C111,Device:C,2,~,GND,GND,PASS
C112,Device:C,1,~,USB_VBUS,USB_VBUS,PASS
C112,Device:C,2,~,GND,GND,PASS
C200,Device:C,1,~,FAN_TACH1,FAN_TACH1,PASS
C200,Device:C,2,~,GND,GND,PASS
C201,Device:C,1,~,FAN_TACH2,FAN_TACH2,PASS
C201,Device:C,2,~,GND,GND,PASS
C202,Device:C,1,~,FAN_TACH3,FAN_TACH3,PASS
C202,Device:C,2,~,GND,GND,PASS
C203,Device:C,1,~,FAN_TACH4,FAN_TACH4,PASS
C203,Device:C,2,~,GND,GND,PASS
CIN1,Device:C,1,~,LOGIC_IN,LOGIC_IN,PASS
CIN1,Device:C,2,~,GND,GND,PASS
CIN2,Device:C,1,~,LOGIC_IN,LOGIC_IN,PASS
CIN2,Device:C,2,~,GND,GND,PASS
CIN3,Device:C,1,~,LOGIC_IN,LOGIC_IN,PASS
CIN3,Device:C,2,~,GND,GND,PASS
CIN4,Device:C,1,~,LOGIC_IN,LOGIC_IN,PASS
CIN4,Device:C,2,~,GND,GND,PASS
COUT1,Device:C,1,~,3V3,3V3,PASS
COUT1,Device:C,2,~,GND,GND,PASS
COUT2,Device:C,1,~,3V3,3V3,PASS
COUT2,Device:C,2,~,GND,GND,PASS
COUT3,Device:C,1,~,3V3,3V3,PASS
COUT3,Device:C,2,~,GND,GND,PASS
D1,Device:D_Schottky,1,K,LOGIC_IN,LOGIC_IN,PASS
D1,Device:D_Schottky,2,A,VIN_LOGIC_12_15,VIN_LOGIC_12_15,PASS
D2,Device:D_Schottky,1,K,LOGIC_IN,LOGIC_IN,PASS
D2,Device:D_Schottky,2,A,FAN_TO_LOGIC_FEED,FAN_TO_LOGIC_FEED,PASS
D3,Device:D_Schottky,1,K,LOGIC_IN,LOGIC_IN,PASS
D3,Device:D_Schottky,2,A,USB_VBUS,USB_VBUS,PASS
D4,Device:D_Zener,1,K,FAN_12V,FAN_12V,PASS
D4,Device:D_Zener,2,A,GND,GND,PASS
D5,Device:D_TVS,1,A1,VIN_LOGIC_12_15,VIN_LOGIC_12_15,PASS
D5,Device:D_TVS,2,A2,GND,GND,PASS
J1,Connector_Generic:Conn_02x03_Odd_Even,1,Pin_1,GND,GND,PASS
J1,Connector_Generic:Conn_02x03_Odd_Even,2,Pin_2,GND,GND,PASS
J1,Connector_Generic:Conn_02x03_Odd_Even,3,Pin_3,GND,GND,PASS
J1,Connector_Generic:Conn_02x03_Odd_Even,4,Pin_4,FAN_12V_RAW,FAN_12V_RAW,PASS
J1,Connector_Generic:Conn_02x03_Odd_Even,5,Pin_5,FAN_12V_RAW,FAN_12V_RAW,PASS
J1,Connector_Generic:Conn_02x03_Odd_Even,6,Pin_6,FAN_12V_RAW,FAN_12V_RAW,PASS
J2,Connector_Generic:Conn_02x02_Odd_Even,1,Pin_1,GND,GND,PASS
J2,Connector_Generic:Conn_02x02_Odd_Even,2,Pin_2,FAN_12V,FAN_12V,PASS
J2,Connector_Generic:Conn_02x02_Odd_Even,3,Pin_3,FAN_TACH1,FAN_TACH1,PASS
J2,Connector_Generic:Conn_02x02_Odd_Even,4,Pin_4,FAN_PWM1,FAN_PWM1,PASS
J3,Connector_Generic:Conn_02x02_Odd_Even,1,Pin_1,GND,GND,PASS
J3,Connector_Generic:Conn_02x02_Odd_Even,2,Pin_2,FAN_12V,FAN_12V,PASS
J3,Connector_Generic:Conn_02x02_Odd_Even,3,Pin_3,FAN_TACH2,FAN_TACH2,PASS
J3,Connector_Generic:Conn_02x02_Odd_Even,4,Pin_4,FAN_PWM2,FAN_PWM2,PASS
J4,Connector_Generic:Conn_02x02_Odd_Even,1,Pin_1,GND,GND,PASS
J4,Connector_Generic:Conn_02x02_Odd_Even,2,Pin_2,FAN_12V,FAN_12V,PASS
J4,Connector_Generic:Conn_02x02_Odd_Even,3,Pin_3,FAN_TACH3,FAN_TACH3,PASS
J4,Connector_Generic:Conn_02x02_Odd_Even,4,Pin_4,FAN_PWM3,FAN_PWM3,PASS
J5,Connector_Generic:Conn_02x02_Odd_Even,1,Pin_1,GND,GND,PASS
J5,Connector_Generic:Conn_02x02_Odd_Even,2,Pin_2,FAN_12V,FAN_12V,PASS
J5,Connector_Generic:Conn_02x02_Odd_Even,3,Pin_3,FAN_TACH4,FAN_TACH4,PASS
J5,Connector_Generic:Conn_02x02_Odd_Even,4,Pin_4,FAN_PWM4,FAN_PWM4,PASS
J6,Connector_Generic:Conn_01x02,1,Pin_1,VIN_LOGIC_12_15,VIN_LOGIC_12_15,PASS
J6,Connector_Generic:Conn_01x02,2,Pin_2,GND,GND,PASS
J10,Connector_Generic:Conn_02x09_Odd_Even,1,Pin_1,GND,GND,PASS
J10,Connector_Generic:Conn_02x09_Odd_Even,2,Pin_2,GND,GND,PASS
J10,Connector_Generic:Conn_02x09_Odd_Even,3,Pin_3,HB_SDA,HB_SDA,PASS
J10,Connector_Generic:Conn_02x09_Odd_Even,4,Pin_4,HB_SCL,HB_SCL,PASS
J10,Connector_Generic:Conn_02x09_Odd_Even,5,Pin_5,HB_PLUG,HB_PLUG,PASS
J10,Connector_Generic:Conn_02x09_Odd_Even,6,Pin_6,HB_A2,HB_A2,PASS
J10,Connector_Generic:Conn_02x09_Odd_Even,7,Pin_7,HB_A1,HB_A1,PASS
J10,Connector_Generic:Conn_02x09_Odd_Even,8,Pin_8,HB_A0,HB_A0,PASS
J10,Connector_Generic:Conn_02x09_Odd_Even,9,Pin_9,GND,GND,PASS
J10,Connector_Generic:Conn_02x09_Odd_Even,10,Pin_10,GND,GND,PASS
J10,Connector_Generic:Conn_02x09_Odd_Even,11,Pin_11,HB_TX,HB_TX,PASS
J10,Connector_Generic:Conn_02x09_Odd_Even,12,Pin_12,HB_RX,HB_RX,PASS
J10,Connector_Generic:Conn_02x09_Odd_Even,13,Pin_13,GND,GND,PASS
J10,Connector_Generic:Conn_02x09_Odd_Even,14,Pin_14,GND,GND,PASS
J10,Connector_Generic:Conn_02x09_Odd_Even,15,Pin_15,HB_RESET,HB_RESET,PASS
J10,Connector_Generic:Conn_02x09_Odd_Even,16,Pin_16,HB_3V3,HB_3V3,PASS
J10,Connector_Generic:Conn_02x09_Odd_Even,17,Pin_17,NC,NC,PASS
J10,Connector_Generic:Conn_02x09_Odd_Even,18,Pin_18,NC,NC,PASS
J30,ChainAxe:USB_C_Receptacle_USB2.0,A1,GND,GND,GND,PASS
J30,ChainAxe:USB_C_Receptacle_USB2.0,A12,GND,GND,GND,PASS
J30,ChainAxe:USB_C_Receptacle_USB2.0,A4,VBUS,USB_VBUS,USB_VBUS,PASS
J30,ChainAxe:USB_C_Receptacle_USB2.0,A5,CC1,USB_CC1,USB_CC1,PASS
J30,ChainAxe:USB_C_Receptacle_USB2.0,A6,D+,USB_DP_CONN,USB_DP_CONN,PASS
J30,ChainAxe:USB_C_Receptacle_USB2.0,A7,D-,USB_DN_CONN,USB_DN_CONN,PASS
J30,ChainAxe:USB_C_Receptacle_USB2.0,A8,SBU1,NC,NC,PASS
J30,ChainAxe:USB_C_Receptacle_USB2.0,A9,VBUS,USB_VBUS,USB_VBUS,PASS
J30,ChainAxe:USB_C_Receptacle_USB2.0,B1,GND,GND,GND,PASS
J30,ChainAxe:USB_C_Receptacle_USB2.0,B12,GND,GND,GND,PASS
J30,ChainAxe:USB_C_Receptacle_USB2.0,B4,VBUS,USB_VBUS,USB_VBUS,PASS
J30,ChainAxe:USB_C_Receptacle_USB2.0,B5,CC2,USB_CC2,USB_CC2,PASS
J30,ChainAxe:USB_C_Receptacle_USB2.0,B6,D+,USB_DP_CONN,USB_DP_CONN,PASS
J30,ChainAxe:USB_C_Receptacle_USB2.0,B7,D-,USB_DN_CONN,USB_DN_CONN,PASS
J30,ChainAxe:USB_C_Receptacle_USB2.0,B8,SBU2,NC,NC,PASS
J30,ChainAxe:USB_C_Receptacle_USB2.0,B9,VBUS,USB_VBUS,USB_VBUS,PASS
J30,ChainAxe:USB_C_Receptacle_USB2.0,S1,SHIELD,USB_SHIELD,USB_SHIELD,PASS
JP1,Jumper:SolderJumper_2_Open,1,A,FAN_12V,FAN_12V,PASS
JP1,Jumper:SolderJumper_2_Open,2,B,FAN_TO_LOGIC_FEED,FAN_TO_LOGIC_FEED,PASS
L1,ChainAxe:SRP5030T-3R3M,1,1,BUCK_SW,BUCK_SW,PASS
L1,ChainAxe:SRP5030T-3R3M,2,2,3V3,3V3,PASS
Q1,Transistor_FET:Q_NMOS_GSD,1,G,FAN_GATE1,FAN_GATE1,PASS
Q1,Transistor_FET:Q_NMOS_GSD,2,S,GND,GND,PASS
Q1,Transistor_FET:Q_NMOS_GSD,3,D,FAN_PWM1,FAN_PWM1,PASS
Q2,Transistor_FET:Q_NMOS_GSD,1,G,FAN_GATE2,FAN_GATE2,PASS
Q2,Transistor_FET:Q_NMOS_GSD,2,S,GND,GND,PASS
Q2,Transistor_FET:Q_NMOS_GSD,3,D,FAN_PWM2,FAN_PWM2,PASS
Q3,Transistor_FET:Q_NMOS_GSD,1,G,FAN_GATE3,FAN_GATE3,PASS
Q3,Transistor_FET:Q_NMOS_GSD,2,S,GND,GND,PASS
Q3,Transistor_FET:Q_NMOS_GSD,3,D,FAN_PWM3,FAN_PWM3,PASS
Q4,Transistor_FET:Q_NMOS_GSD,1,G,FAN_GATE4,FAN_GATE4,PASS
Q4,Transistor_FET:Q_NMOS_GSD,2,S,GND,GND,PASS
Q4,Transistor_FET:Q_NMOS_GSD,3,D,FAN_PWM4,FAN_PWM4,PASS
Q5,ChainAxe:DMP3013SFV,1,SOURCE,FAN_12V,FAN_12V,PASS
Q5,ChainAxe:DMP3013SFV,2,SOURCE,FAN_12V,FAN_12V,PASS
Q5,ChainAxe:DMP3013SFV,3,SOURCE,FAN_12V,FAN_12V,PASS
Q5,ChainAxe:DMP3013SFV,4,GATE,FAN_RPP_GATE,FAN_RPP_GATE,PASS
Q5,ChainAxe:DMP3013SFV,5,DRAIN,FAN_12V_RAW,FAN_12V_RAW,PASS
Q5,ChainAxe:DMP3013SFV,6,DRAIN,FAN_12V_RAW,FAN_12V_RAW,PASS
Q5,ChainAxe:DMP3013SFV,7,DRAIN,FAN_12V_RAW,FAN_12V_RAW,PASS
Q5,ChainAxe:DMP3013SFV,8,DRAIN,FAN_12V_RAW,FAN_12V_RAW,PASS
Q6,ChainAxe:DMP3013SFV,1,SOURCE,FAN_12V,FAN_12V,PASS
Q6,ChainAxe:DMP3013SFV,2,SOURCE,FAN_12V,FAN_12V,PASS
Q6,ChainAxe:DMP3013SFV,3,SOURCE,FAN_12V,FAN_12V,PASS
Q6,ChainAxe:DMP3013SFV,4,GATE,FAN_RPP_GATE,FAN_RPP_GATE,PASS
Q6,ChainAxe:DMP3013SFV,5,DRAIN,FAN_12V_RAW,FAN_12V_RAW,PASS
Q6,ChainAxe:DMP3013SFV,6,DRAIN,FAN_12V_RAW,FAN_12V_RAW,PASS
Q6,ChainAxe:DMP3013SFV,7,DRAIN,FAN_12V_RAW,FAN_12V_RAW,PASS
Q6,ChainAxe:DMP3013SFV,8,DRAIN,FAN_12V_RAW,FAN_12V_RAW,PASS
R50,Device:R,1,~,HB_IO_PWR_EN,HB_IO_PWR_EN,PASS
R50,Device:R,2,~,GND,GND,PASS
R51,Device:R,1,~,HB_3V3,HB_3V3,PASS
R51,Device:R,2,~,HB_QOD,HB_QOD,PASS
R60,Device:R,1,~,FAN_RPP_GATE,FAN_RPP_GATE,PASS
R60,Device:R,2,~,GND,GND,PASS
R65,Device:R,1,~,BUCK_COMP,BUCK_COMP,PASS
R65,Device:R,2,~,BUCK_COMP_RC,BUCK_COMP_RC,PASS
R70,Device:R,1,~,FAN_12V,FAN_12V,PASS
R70,Device:R,2,~,RAIL_MON,RAIL_MON,PASS
R71,Device:R,1,~,RAIL_MON,RAIL_MON,PASS
R71,Device:R,2,~,GND,GND,PASS
R80,Device:R,1,~,HB_XLAT_OE_N,HB_XLAT_OE_N,PASS
R80,Device:R,2,~,3V3,3V3,PASS
R81,Device:R,1,~,HB_TX_BUF,HB_TX_BUF,PASS
R81,Device:R,2,~,HB_TX,HB_TX,PASS
R82,Device:R,1,~,HB_RX,HB_RX,PASS
R82,Device:R,2,~,HB_RX_BUF,HB_RX_BUF,PASS
R83,Device:R,1,~,HB_PLUG_3V3,HB_PLUG_3V3,PASS
R83,Device:R,2,~,GND,GND,PASS
R84,Device:R,1,~,HB_I2C_EN,HB_I2C_EN,PASS
R84,Device:R,2,~,GND,GND,PASS
R85,Device:R,1,~,HB_SCL_3V3,HB_SCL_3V3,PASS
R85,Device:R,2,~,3V3,3V3,PASS
R86,Device:R,1,~,HB_SDA_3V3,HB_SDA_3V3,PASS
R86,Device:R,2,~,3V3,3V3,PASS
R87,Device:R,1,~,HB_SCL,HB_SCL,PASS
R87,Device:R,2,~,HB_3V3,HB_3V3,PASS
R88,Device:R,1,~,HB_SDA,HB_SDA,PASS
R88,Device:R,2,~,HB_3V3,HB_3V3,PASS
R89,Device:R,1,~,HB_RESET_OE_N,HB_RESET_OE_N,PASS
R89,Device:R,2,~,3V3,3V3,PASS
R90,Device:R,1,~,HB_RESET_DRV,HB_RESET_DRV,PASS
R90,Device:R,2,~,HB_RESET,HB_RESET,PASS
R91,Device:R,1,~,HB_RESET,HB_RESET,PASS
R91,Device:R,2,~,HB_3V3,HB_3V3,PASS
R92,Device:R,1,~,HB_RESET,HB_RESET,PASS
R92,Device:R,2,~,GND,GND,PASS
R93,Device:R,1,~,HB_A0,HB_A0,PASS
R93,Device:R,2,~,GND,GND,PASS
R94,Device:R,1,~,HB_A0,HB_A0,PASS
R94,Device:R,2,~,HB_3V3,HB_3V3,PASS
R95,Device:R,1,~,HB_A1,HB_A1,PASS
R95,Device:R,2,~,GND,GND,PASS
R96,Device:R,1,~,HB_A1,HB_A1,PASS
R96,Device:R,2,~,HB_3V3,HB_3V3,PASS
R97,Device:R,1,~,HB_A2,HB_A2,PASS
R97,Device:R,2,~,GND,GND,PASS
R98,Device:R,1,~,HB_A2,HB_A2,PASS
R98,Device:R,2,~,HB_3V3,HB_3V3,PASS
R100,Device:R,1,~,FAN_SDA,FAN_SDA,PASS
R100,Device:R,2,~,3V3,3V3,PASS
R101,Device:R,1,~,FAN_SCL,FAN_SCL,PASS
R101,Device:R,2,~,3V3,3V3,PASS
R102,Device:R,1,~,FAN_ALERT_N,FAN_ALERT_N,PASS
R102,Device:R,2,~,3V3,3V3,PASS
R103,Device:R,1,~,EMC_CLK,EMC_CLK,PASS
R103,Device:R,2,~,3V3,3V3,PASS
R104,Device:R,1,~,EMC_ADDR,EMC_ADDR,PASS
R104,Device:R,2,~,3V3,3V3,PASS
R105,Device:R,1,~,FAN_ARM,FAN_ARM,PASS
R105,Device:R,2,~,GND,GND,PASS
R106,Device:R,1,~,EMC_PWM1,EMC_PWM1,PASS
R106,Device:R,2,~,GND,GND,PASS
R107,Device:R,1,~,EMC_PWM2,EMC_PWM2,PASS
R107,Device:R,2,~,GND,GND,PASS
R108,Device:R,1,~,EMC_PWM3,EMC_PWM3,PASS
R108,Device:R,2,~,GND,GND,PASS
R109,Device:R,1,~,EMC_PWM4,EMC_PWM4,PASS
R109,Device:R,2,~,GND,GND,PASS
R110,Device:R,1,~,3V3,3V3,PASS
R110,Device:R,2,~,ESP_EN,ESP_EN,PASS
R111,Device:R,1,~,3V3,3V3,PASS
R111,Device:R,2,~,BOOT_N,BOOT_N,PASS
R112,Device:R,1,~,USB_CC1,USB_CC1,PASS
R112,Device:R,2,~,GND,GND,PASS
R113,Device:R,1,~,USB_CC2,USB_CC2,PASS
R113,Device:R,2,~,GND,GND,PASS
R114,Device:R,1,~,USB_DP_PROT,USB_DP_PROT,PASS
R114,Device:R,2,~,USB_DP,USB_DP,PASS
R115,Device:R,1,~,USB_DN_PROT,USB_DN_PROT,PASS
R115,Device:R,2,~,USB_DN,USB_DN,PASS
R116,Device:R,1,~,USB_SHIELD,USB_SHIELD,PASS
R116,Device:R,2,~,GND,GND,PASS
R200,Device:R,1,~,FAN_GATE1,FAN_GATE1,PASS
R200,Device:R,2,~,GND,GND,PASS
R201,Device:R,1,~,FAN_TACH1,FAN_TACH1,PASS
R201,Device:R,2,~,3V3,3V3,PASS
R203,Device:R,1,~,FAN_GATE2,FAN_GATE2,PASS
R203,Device:R,2,~,GND,GND,PASS
R204,Device:R,1,~,FAN_TACH2,FAN_TACH2,PASS
R204,Device:R,2,~,3V3,3V3,PASS
R206,Device:R,1,~,FAN_GATE3,FAN_GATE3,PASS
R206,Device:R,2,~,GND,GND,PASS
R207,Device:R,1,~,FAN_TACH3,FAN_TACH3,PASS
R207,Device:R,2,~,3V3,3V3,PASS
R209,Device:R,1,~,FAN_GATE4,FAN_GATE4,PASS
R209,Device:R,2,~,GND,GND,PASS
R210,Device:R,1,~,FAN_TACH4,FAN_TACH4,PASS
R210,Device:R,2,~,3V3,3V3,PASS
RFB1,Device:R,1,~,3V3,3V3,PASS
RFB1,Device:R,2,~,BUCK_FB,BUCK_FB,PASS
RFB2,Device:R,1,~,BUCK_FB,BUCK_FB,PASS
RFB2,Device:R,2,~,GND,GND,PASS
SW1,Switch:SW_Push,1,1,BOOT_N,BOOT_N,PASS
SW1,Switch:SW_Push,2,2,GND,GND,PASS
SW2,Switch:SW_Push,1,1,ESP_EN,ESP_EN,PASS
SW2,Switch:SW_Push,2,2,GND,GND,PASS
TP1,Connector:TestPoint,1,1,FAN_12V_RAW,FAN_12V_RAW,PASS
TP2,Connector:TestPoint,1,1,FAN_12V,FAN_12V,PASS
TP3,Connector:TestPoint,1,1,VIN_LOGIC_12_15,VIN_LOGIC_12_15,PASS
TP4,Connector:TestPoint,1,1,LOGIC_IN,LOGIC_IN,PASS
TP5,Connector:TestPoint,1,1,3V3,3V3,PASS
TP6,Connector:TestPoint,1,1,HB_3V3,HB_3V3,PASS
TP7,Connector:TestPoint,1,1,RAIL_MON,RAIL_MON,PASS
TP8,Connector:TestPoint,1,1,DBG_TX,DBG_TX,PASS
TP9,Connector:TestPoint,1,1,DBG_RX,DBG_RX,PASS
TP10,Connector:TestPoint,1,1,EXP_GPIO5,EXP_GPIO5,PASS
TP11,Connector:TestPoint,1,1,EXP_GPIO6,EXP_GPIO6,PASS
TP12,Connector:TestPoint,1,1,GND,GND,PASS
TP13,Connector:TestPoint,1,1,3V3,3V3,PASS
TP14,Connector:TestPoint,1,1,FAN_PWM1,FAN_PWM1,PASS
TP15,Connector:TestPoint,1,1,FAN_TACH1,FAN_TACH1,PASS
TP16,Connector:TestPoint,1,1,FAN_PWM2,FAN_PWM2,PASS
TP17,Connector:TestPoint,1,1,FAN_TACH2,FAN_TACH2,PASS
TP18,Connector:TestPoint,1,1,FAN_PWM3,FAN_PWM3,PASS
TP19,Connector:TestPoint,1,1,FAN_TACH3,FAN_TACH3,PASS
TP20,Connector:TestPoint,1,1,FAN_PWM4,FAN_PWM4,PASS
TP21,Connector:TestPoint,1,1,FAN_TACH4,FAN_TACH4,PASS
TP22,Connector:TestPoint,1,1,FAN_ARM,FAN_ARM,PASS
TP23,Connector:TestPoint,1,1,FAN_ALERT_N,FAN_ALERT_N,PASS
TP24,Connector:TestPoint,1,1,FAN_SDA,FAN_SDA,PASS
TP25,Connector:TestPoint,1,1,FAN_SCL,FAN_SCL,PASS
TP26,Connector:TestPoint,1,1,USB_VBUS,USB_VBUS,PASS
TP27,Connector:TestPoint,1,1,HB_RESET_CMD,HB_RESET_CMD,PASS
TP28,Connector:TestPoint,1,1,HB_IO_PWR_EN,HB_IO_PWR_EN,PASS
TP29,Connector:TestPoint,1,1,HB_TX,HB_TX,PASS
TP30,Connector:TestPoint,1,1,HB_RX,HB_RX,PASS
TP31,Connector:TestPoint,1,1,HB_PLUG,HB_PLUG,PASS
TP32,Connector:TestPoint,1,1,HB_SDA,HB_SDA,PASS
TP33,Connector:TestPoint,1,1,HB_SCL,HB_SCL,PASS
TP34,Connector:TestPoint,1,1,HB_RESET,HB_RESET,PASS
TP35,Connector:TestPoint,1,1,HB_XLAT_OE_N,HB_XLAT_OE_N,PASS
TP36,Connector:TestPoint,1,1,HB_I2C_EN,HB_I2C_EN,PASS
TP37,Connector:TestPoint,1,1,HB_RESET_OE_N,HB_RESET_OE_N,PASS
U1,ChainAxe:ESP32-S3-WROOM-1,1,GND,GND,GND,PASS
U1,ChainAxe:ESP32-S3-WROOM-1,2,3V3,3V3,3V3,PASS
U1,ChainAxe:ESP32-S3-WROOM-1,3,EN,ESP_EN,ESP_EN,PASS
U1,ChainAxe:ESP32-S3-WROOM-1,4,GPIO4/TOUCH4/ADC1_CH3,HB_RESET_OE_N,HB_RESET_OE_N,PASS
U1,ChainAxe:ESP32-S3-WROOM-1,5,GPIO5/TOUCH5/ADC1_CH4,EXP_GPIO5,EXP_GPIO5,PASS
U1,ChainAxe:ESP32-S3-WROOM-1,6,GPIO6/TOUCH6/ADC1_CH5,EXP_GPIO6,EXP_GPIO6,PASS
U1,ChainAxe:ESP32-S3-WROOM-1,7,GPIO7/TOUCH7/ADC1_CH6,HB_XLAT_OE_N,HB_XLAT_OE_N,PASS
U1,ChainAxe:ESP32-S3-WROOM-1,8,GPIO15/U0RTS/ADC2_CH4/XTAL_32K_P,NC,NC,PASS
U1,ChainAxe:ESP32-S3-WROOM-1,9,GPIO16/U0CTS/ADC2_CH5/XTAL_32K_NH5,NC,NC,PASS
U1,ChainAxe:ESP32-S3-WROOM-1,10,GPIO17/U1TXD/ADC2_CH6,HB_TX_3V3,HB_TX_3V3,PASS
U1,ChainAxe:ESP32-S3-WROOM-1,11,GPIO18/U1RXD/ADC2_CH7/CLK_OUT3,HB_RX_3V3,HB_RX_3V3,PASS
U1,ChainAxe:ESP32-S3-WROOM-1,12,GPIO8/TOUCH8/ADC1_CH7/SUBSPICS1,FAN_ARM,FAN_ARM,PASS
U1,ChainAxe:ESP32-S3-WROOM-1,13,GPIO19/U1RTS/ADC2_CH8/CLK_OUT2/USB_D-,USB_DN,USB_DN,PASS
U1,ChainAxe:ESP32-S3-WROOM-1,14,GPIO20/U1CTS/ADC2_CH9/CLK_OUT1/USB_D+,USB_DP,USB_DP,PASS
U1,ChainAxe:ESP32-S3-WROOM-1,15,GPIO3/TOUCH3/ADC1_CH2*,NC,NC,PASS
U1,ChainAxe:ESP32-S3-WROOM-1,16,*GPIO46,NC,NC,PASS
U1,ChainAxe:ESP32-S3-WROOM-1,17,GPIO9/TOUCH9/ADC1_CH8/FSPIHD/SUBSPIHD,HB_I2C_EN,HB_I2C_EN,PASS
U1,ChainAxe:ESP32-S3-WROOM-1,18,GPIO10/TOUCH10/ADC1_CH9/FSPICS0/FSPIIO4/SUBSPICS0,HB_IO_PWR_EN,HB_IO_PWR_EN,PASS
U1,ChainAxe:ESP32-S3-WROOM-1,19,GPIO11/TOUCH11/ADC2_CH0/FSPID/FSPIIO5/SUBSPID,RAIL_MON,RAIL_MON,PASS
U1,ChainAxe:ESP32-S3-WROOM-1,20,GPIO12/TOUCH12/ADC2_CH1/FSPICLK/FSPIIO6/SUBSPICLK,HB_PLUG_3V3,HB_PLUG_3V3,PASS
U1,ChainAxe:ESP32-S3-WROOM-1,21,GPIO13/TOUCH13/ADC2_CH2/FSPIQ/FSPIIO7/SUBSPIQ,FAN_ALERT_N,FAN_ALERT_N,PASS
U1,ChainAxe:ESP32-S3-WROOM-1,22,GPIO14/TOUCH14/ADC2_CH3/FSPIWP/FSPIDQS/SUBSPIWP,HB_SDA_3V3,HB_SDA_3V3,PASS
U1,ChainAxe:ESP32-S3-WROOM-1,23,GPIO21,HB_SCL_3V3,HB_SCL_3V3,PASS
U1,ChainAxe:ESP32-S3-WROOM-1,24,GPIO47/SPICLK_P/SUBSPICLK_P_DIFF,FAN_SDA,FAN_SDA,PASS
U1,ChainAxe:ESP32-S3-WROOM-1,25,GPIO48/SPICLK_N/SUBSPICLK_N_DIFF,FAN_SCL,FAN_SCL,PASS
U1,ChainAxe:ESP32-S3-WROOM-1,26,*GPIO45,NC,NC,PASS
U1,ChainAxe:ESP32-S3-WROOM-1,27,GPIO0/BOOT*,BOOT_N,BOOT_N,PASS
U1,ChainAxe:ESP32-S3-WROOM-1,28,SPIIO6/GPIO35/FSPID/SUBSPID,NC,NC,PASS
U1,ChainAxe:ESP32-S3-WROOM-1,29,SPIIO7/GPIO36/FSPICLK/SUBSPICLK,NC,NC,PASS
U1,ChainAxe:ESP32-S3-WROOM-1,30,SPIDQS/GPIO37/FSPIQ/SUBSPIQ,NC,NC,PASS
U1,ChainAxe:ESP32-S3-WROOM-1,31,GPIO38/FSPIWP/SUBSPIWP,NC,NC,PASS
U1,ChainAxe:ESP32-S3-WROOM-1,32,MTCK/GPIO39/CLK_OUT3/SUBSPICS1,NC,NC,PASS
U1,ChainAxe:ESP32-S3-WROOM-1,33,MTDO/GPIO40/CLK_OUT2,NC,NC,PASS
U1,ChainAxe:ESP32-S3-WROOM-1,34,MTDI/GPIO41/CLK_OUT1,NC,NC,PASS
U1,ChainAxe:ESP32-S3-WROOM-1,35,MTMS/GPIO42,NC,NC,PASS
U1,ChainAxe:ESP32-S3-WROOM-1,36,U0RXD/GPIO44/CLK_OUT2,DBG_RX,DBG_RX,PASS
U1,ChainAxe:ESP32-S3-WROOM-1,37,U0TXD/GPIO43/CLK_OUT1,DBG_TX,DBG_TX,PASS
U1,ChainAxe:ESP32-S3-WROOM-1,38,GPIO2/TOUCH2/ADC1_CH1,NC,NC,PASS
U1,ChainAxe:ESP32-S3-WROOM-1,39,GPIO1/TOUCH1/ADC1_CH0,HB_RESET_CMD,HB_RESET_CMD,PASS
U1,ChainAxe:ESP32-S3-WROOM-1,40,GND,GND,GND,PASS
U1,ChainAxe:ESP32-S3-WROOM-1,41,GND,GND,GND,PASS
U2,ChainAxe:EMC2305-1-AP-TR,1,SMDATA,FAN_SDA,FAN_SDA,PASS
U2,ChainAxe:EMC2305-1-AP-TR,2,SMCLK,FAN_SCL,FAN_SCL,PASS
U2,ChainAxe:EMC2305-1-AP-TR,3,VDD,3V3,3V3,PASS
U2,ChainAxe:EMC2305-1-AP-TR,4,ADDR_SEL,EMC_ADDR,EMC_ADDR,PASS
U2,ChainAxe:EMC2305-1-AP-TR,5,PWM1,EMC_PWM1,EMC_PWM1,PASS
U2,ChainAxe:EMC2305-1-AP-TR,6,TACH1,FAN_TACH1,FAN_TACH1,PASS
U2,ChainAxe:EMC2305-1-AP-TR,7,PWM2,EMC_PWM2,EMC_PWM2,PASS
U2,ChainAxe:EMC2305-1-AP-TR,8,TACH2,FAN_TACH2,FAN_TACH2,PASS
U2,ChainAxe:EMC2305-1-AP-TR,9,PWM3,EMC_PWM3,EMC_PWM3,PASS
U2,ChainAxe:EMC2305-1-AP-TR,10,TACH3,FAN_TACH3,FAN_TACH3,PASS
U2,ChainAxe:EMC2305-1-AP-TR,11,CLK,EMC_CLK,EMC_CLK,PASS
U2,ChainAxe:EMC2305-1-AP-TR,12,~{ALERT},FAN_ALERT_N,FAN_ALERT_N,PASS
U2,ChainAxe:EMC2305-1-AP-TR,13,PWM4,EMC_PWM4,EMC_PWM4,PASS
U2,ChainAxe:EMC2305-1-AP-TR,14,TACH4,FAN_TACH4,FAN_TACH4,PASS
U2,ChainAxe:EMC2305-1-AP-TR,15,PWM5,NC,NC,PASS
U2,ChainAxe:EMC2305-1-AP-TR,16,TACH5,NC,NC,PASS
U2,ChainAxe:EMC2305-1-AP-TR,17,GND,GND,GND,PASS
U3,ChainAxe:AP64501SP,1,BST,BUCK_BST,BUCK_BST,PASS
U3,ChainAxe:AP64501SP,2,VIN,LOGIC_IN,LOGIC_IN,PASS
U3,ChainAxe:AP64501SP,3,EN,LOGIC_IN,LOGIC_IN,PASS
U3,ChainAxe:AP64501SP,4,SS,BUCK_SS,BUCK_SS,PASS
U3,ChainAxe:AP64501SP,5,FB,BUCK_FB,BUCK_FB,PASS
U3,ChainAxe:AP64501SP,6,COMP,BUCK_COMP,BUCK_COMP,PASS
U3,ChainAxe:AP64501SP,7,GND,GND,GND,PASS
U3,ChainAxe:AP64501SP,8,SW,BUCK_SW,BUCK_SW,PASS
U3,ChainAxe:AP64501SP,9,EP,GND,GND,PASS
U5,ChainAxe:TPS22917,1,VIN,3V3,3V3,PASS
U5,ChainAxe:TPS22917,2,GND,GND,GND,PASS
U5,ChainAxe:TPS22917,3,ON,HB_IO_PWR_EN,HB_IO_PWR_EN,PASS
U5,ChainAxe:TPS22917,4,CT,HB_3V3_CT,HB_3V3_CT,PASS
U5,ChainAxe:TPS22917,5,QOD,HB_QOD,HB_QOD,PASS
U5,ChainAxe:TPS22917,6,VOUT,HB_3V3,HB_3V3,PASS
U6,ChainAxe:SN74AXC4T774PW,1,DIR1,3V3,3V3,PASS
U6,ChainAxe:SN74AXC4T774PW,2,DIR2,GND,GND,PASS
U6,ChainAxe:SN74AXC4T774PW,3,A1,HB_TX_3V3,HB_TX_3V3,PASS
U6,ChainAxe:SN74AXC4T774PW,4,A2,HB_RX_3V3,HB_RX_3V3,PASS
U6,ChainAxe:SN74AXC4T774PW,5,A3,HB_PLUG_3V3,HB_PLUG_3V3,PASS
U6,ChainAxe:SN74AXC4T774PW,6,A4,GND,GND,PASS
U6,ChainAxe:SN74AXC4T774PW,7,DIR3,GND,GND,PASS
U6,ChainAxe:SN74AXC4T774PW,8,DIR4,3V3,3V3,PASS
U6,ChainAxe:SN74AXC4T774PW,9,OE,HB_XLAT_OE_N,HB_XLAT_OE_N,PASS
U6,ChainAxe:SN74AXC4T774PW,10,GND,GND,GND,PASS
U6,ChainAxe:SN74AXC4T774PW,11,B4,NC,NC,PASS
U6,ChainAxe:SN74AXC4T774PW,12,B3,HB_PLUG,HB_PLUG,PASS
U6,ChainAxe:SN74AXC4T774PW,13,B2,HB_RX_BUF,HB_RX_BUF,PASS
U6,ChainAxe:SN74AXC4T774PW,14,B1,HB_TX_BUF,HB_TX_BUF,PASS
U6,ChainAxe:SN74AXC4T774PW,15,VCCB,HB_3V3,HB_3V3,PASS
U6,ChainAxe:SN74AXC4T774PW,16,VCCA,3V3,3V3,PASS
U7,ChainAxe:TMUX1511PWR,1,SEL1,HB_I2C_EN,HB_I2C_EN,PASS
U7,ChainAxe:TMUX1511PWR,2,S1,HB_SCL_3V3,HB_SCL_3V3,PASS
U7,ChainAxe:TMUX1511PWR,3,D1,HB_SCL,HB_SCL,PASS
U7,ChainAxe:TMUX1511PWR,4,SEL2,HB_I2C_EN,HB_I2C_EN,PASS
U7,ChainAxe:TMUX1511PWR,5,S2,HB_SDA_3V3,HB_SDA_3V3,PASS
U7,ChainAxe:TMUX1511PWR,6,D2,HB_SDA,HB_SDA,PASS
U7,ChainAxe:TMUX1511PWR,7,GND,GND,GND,PASS
U7,ChainAxe:TMUX1511PWR,8,D3,NC,NC,PASS
U7,ChainAxe:TMUX1511PWR,9,S3,NC,NC,PASS
U7,ChainAxe:TMUX1511PWR,10,SEL3,GND,GND,PASS
U7,ChainAxe:TMUX1511PWR,11,D4,NC,NC,PASS
U7,ChainAxe:TMUX1511PWR,12,S4,NC,NC,PASS
U7,ChainAxe:TMUX1511PWR,13,SEL4,GND,GND,PASS
U7,ChainAxe:TMUX1511PWR,14,VDD,HB_3V3,HB_3V3,PASS
U8,ChainAxe:SN74LVC126A,1,1OE,FAN_ARM,FAN_ARM,PASS
U8,ChainAxe:SN74LVC126A,2,1A,EMC_PWM1,EMC_PWM1,PASS
U8,ChainAxe:SN74LVC126A,3,1Y,FAN_GATE1,FAN_GATE1,PASS
U8,ChainAxe:SN74LVC126A,4,2OE,FAN_ARM,FAN_ARM,PASS
U8,ChainAxe:SN74LVC126A,5,2A,EMC_PWM2,EMC_PWM2,PASS
U8,ChainAxe:SN74LVC126A,6,2Y,FAN_GATE2,FAN_GATE2,PASS
U8,ChainAxe:SN74LVC126A,7,GND,GND,GND,PASS
U8,ChainAxe:SN74LVC126A,8,3Y,FAN_GATE3,FAN_GATE3,PASS
U8,ChainAxe:SN74LVC126A,9,3A,EMC_PWM3,EMC_PWM3,PASS
U8,ChainAxe:SN74LVC126A,10,3OE,FAN_ARM,FAN_ARM,PASS
U8,ChainAxe:SN74LVC126A,11,4Y,FAN_GATE4,FAN_GATE4,PASS
U8,ChainAxe:SN74LVC126A,12,4A,EMC_PWM4,EMC_PWM4,PASS
U8,ChainAxe:SN74LVC126A,13,4OE,FAN_ARM,FAN_ARM,PASS
U8,ChainAxe:SN74LVC126A,14,VCC,3V3,3V3,PASS
U9,ChainAxe:USBLC6-2SC6,1,I/O1,USB_DP_CONN,USB_DP_CONN,PASS
U9,ChainAxe:USBLC6-2SC6,2,GND,GND,GND,PASS
U9,ChainAxe:USBLC6-2SC6,3,I/O2,USB_DN_CONN,USB_DN_CONN,PASS
U9,ChainAxe:USBLC6-2SC6,4,I/O2,USB_DN_PROT,USB_DN_PROT,PASS
U9,ChainAxe:USBLC6-2SC6,5,VBUS,USB_VBUS,USB_VBUS,PASS
U9,ChainAxe:USBLC6-2SC6,6,I/O1,USB_DP_PROT,USB_DP_PROT,PASS
U10,ChainAxe:TPD4E05U06,1,D1+,HB_SDA,HB_SDA,PASS
U10,ChainAxe:TPD4E05U06,2,D1-,HB_SCL,HB_SCL,PASS
U10,ChainAxe:TPD4E05U06,3,GND,GND,GND,PASS
U10,ChainAxe:TPD4E05U06,4,D2+,HB_PLUG,HB_PLUG,PASS
U10,ChainAxe:TPD4E05U06,5,D2-,HB_A2,HB_A2,PASS
U10,ChainAxe:TPD4E05U06,6,NC,NC,NC,PASS
U10,ChainAxe:TPD4E05U06,7,NC,NC,NC,PASS
U10,ChainAxe:TPD4E05U06,8,GND,GND,GND,PASS
U10,ChainAxe:TPD4E05U06,9,NC,NC,NC,PASS
U10,ChainAxe:TPD4E05U06,10,NC,NC,NC,PASS
U11,ChainAxe:TPD4E05U06,1,D1+,HB_A1,HB_A1,PASS
U11,ChainAxe:TPD4E05U06,2,D1-,HB_A0,HB_A0,PASS
U11,ChainAxe:TPD4E05U06,3,GND,GND,GND,PASS
U11,ChainAxe:TPD4E05U06,4,D2+,HB_TX,HB_TX,PASS
U11,ChainAxe:TPD4E05U06,5,D2-,HB_RX,HB_RX,PASS
U11,ChainAxe:TPD4E05U06,6,NC,NC,NC,PASS
U11,ChainAxe:TPD4E05U06,7,NC,NC,NC,PASS
U11,ChainAxe:TPD4E05U06,8,GND,GND,GND,PASS
U11,ChainAxe:TPD4E05U06,9,NC,NC,NC,PASS
U11,ChainAxe:TPD4E05U06,10,NC,NC,NC,PASS
U12,ChainAxe:SN74LVC1G125,1,OE_N,HB_RESET_OE_N,HB_RESET_OE_N,PASS
U12,ChainAxe:SN74LVC1G125,2,A,HB_RESET_CMD,HB_RESET_CMD,PASS
U12,ChainAxe:SN74LVC1G125,3,GND,GND,GND,PASS
U12,ChainAxe:SN74LVC1G125,4,Y,HB_RESET_DRV,HB_RESET_DRV,PASS
U12,ChainAxe:SN74LVC1G125,5,VCC,HB_3V3,HB_3V3,PASS
U13,ChainAxe:TPD4E05U06,1,D1+,HB_RESET,HB_RESET,PASS
U13,ChainAxe:TPD4E05U06,2,D1-,NC,NC,PASS
U13,ChainAxe:TPD4E05U06,3,GND,GND,GND,PASS
U13,ChainAxe:TPD4E05U06,4,D2+,NC,NC,PASS
U13,ChainAxe:TPD4E05U06,5,D2-,NC,NC,PASS
U13,ChainAxe:TPD4E05U06,6,NC,NC,NC,PASS
U13,ChainAxe:TPD4E05U06,7,NC,NC,NC,PASS
U13,ChainAxe:TPD4E05U06,8,GND,GND,GND,PASS
U13,ChainAxe:TPD4E05U06,9,NC,NC,NC,PASS
U13,ChainAxe:TPD4E05U06,10,NC,NC,NC,PASS
ZD1,ChainAxe:BZX84C12LT1G,1,A,FAN_RPP_GATE,FAN_RPP_GATE,PASS
ZD1,ChainAxe:BZX84C12LT1G,2,NC,NC,NC,PASS
ZD1,ChainAxe:BZX84C12LT1G,3,K,FAN_12V,FAN_12V,PASS
